ID,First Name,Last Name,Email,Age,City
1,Jessica,Hernandez,jessica.hernandez1@example.com,39,Dallas
2,Mary,Taylor,mary.taylor2@example.com,26,Philadelphia
3,Barbara,Thompson,barbara.thompson3@sample.com,49,New York
4,Robert,Wilson,robert.wilson4@demo.net,52,Columbus
5,Matthew,Lopez,matthew.lopez5@demo.net,39,New York
6,Christopher,Martinez,christopher.martinez6@test.org,59,Columbus
7,Daniel,Martin,daniel.martin7@test.org,20,San Francisco
8,William,Anderson,william.anderson8@demo.net,73,Jacksonville
9,Daniel,Miller,daniel.miller9@example.com,55,Phoenix
10,Richard,Johnson,richard.johnson10@sample.com,34,San Antonio
11,David,Moore,david.moore11@example.com,24,Charlotte
12,William,Martinez,william.martinez12@sample.com,74,Columbus
13,Patricia,Martinez,patricia.martinez13@example.com,32,San Jose
14,John,Lewis,john.lewis14@demo.net,51,Denver
15,Michael,Davis,michael.davis15@example.com,42,Los Angeles
16,David,Miller,david.miller16@test.org,60,Denver
17,Linda,Wilson,linda.wilson17@sample.com,23,Phoenix
18,Betty,Robinson,betty.robinson18@test.org,75,Charlotte
19,Matthew,Taylor,matthew.taylor19@example.com,58,Charlotte
20,Mary,Clark,mary.clark20@example.com,36,Indianapolis
21,Betty,Gonzalez,betty.gonzalez21@test.org,24,Jacksonville
22,Margaret,Thomas,margaret.thomas22@sample.com,61,San Antonio
23,John,Johnson,john.johnson23@test.org,75,Los Angeles
24,Patricia,Garcia,patricia.garcia24@test.org,26,Phoenix
25,Elizabeth,Martinez,elizabeth.martinez25@sample.com,47,Fort Worth
26,Mary,Clark,mary.clark26@test.org,58,Phoenix
27,Christopher,Rodriguez,christopher.rodriguez27@demo.net,59,San Francisco
28,Thomas,Lopez,thomas.lopez28@test.org,75,Seattle
29,Betty,Lopez,betty.lopez29@sample.com,30,Washington
30,Nancy,Perez,nancy.perez30@demo.net,53,Seattle
31,Anthony,Ramirez,anthony.ramirez31@test.org,46,New York
32,Sandra,Davis,sandra.davis32@test.org,67,Los Angeles
33,Charles,Harris,charles.harris33@sample.com,80,Chicago
34,Jennifer,Lopez,jennifer.lopez34@sample.com,20,Los Angeles
35,Robert,Wilson,robert.wilson35@test.org,35,San Antonio
36,Robert,Hernandez,robert.hernandez36@demo.net,51,Dallas
37,Christopher,Hernandez,christopher.hernandez37@demo.net,76,Washington
38,John,Gonzalez,john.gonzalez38@sample.com,54,Denver
39,John,Lee,john.lee39@sample.com,39,Charlotte
40,Jessica,Davis,jessica.davis40@sample.com,41,Philadelphia
41,Barbara,Jackson,barbara.jackson41@test.org,53,San Antonio
42,William,Martinez,william.martinez42@test.org,33,Chicago
43,Karen,Johnson,karen.johnson43@example.com,56,Washington
44,Matthew,Martinez,matthew.martinez44@demo.net,68,Jacksonville
45,Betty,Jones,betty.jones45@sample.com,34,Chicago
46,Joseph,Jackson,joseph.jackson46@demo.net,52,Houston
47,Thomas,Thompson,thomas.thompson47@test.org,33,Columbus
48,Jennifer,Thompson,jennifer.thompson48@demo.net,77,Indianapolis
49,Sandra,Johnson,sandra.johnson49@test.org,55,Washington
50,James,Anderson,james.anderson50@demo.net,77,Indianapolis
51,Sandra,Thomas,sandra.thomas51@test.org,47,San Diego
52,Elizabeth,Sanchez,elizabeth.sanchez52@test.org,38,Columbus
53,Mark,Brown,mark.brown53@test.org,58,Phoenix
54,Michael,Anderson,michael.anderson54@sample.com,37,Philadelphia
55,William,Hernandez,william.hernandez55@demo.net,66,New York
56,Mark,Robinson,mark.robinson56@demo.net,57,Houston
57,Karen,Taylor,karen.taylor57@test.org,36,Fort Worth
58,Michael,Johnson,michael.johnson58@test.org,45,Chicago
59,Susan,Smith,susan.smith59@example.com,77,Phoenix
60,Joseph,Thomas,joseph.thomas60@example.com,73,Washington
61,Sandra,Thomas,sandra.thomas61@example.com,72,Fort Worth
62,Charles,Martinez,charles.martinez62@example.com,28,Washington
63,Sarah,Thompson,sarah.thompson63@sample.com,74,Denver
64,Jessica,Sanchez,jessica.sanchez64@demo.net,24,Phoenix
65,Robert,Gonzalez,robert.gonzalez65@test.org,49,Columbus
66,Elizabeth,Jones,elizabeth.jones66@test.org,60,Austin
67,Charles,Ramirez,charles.ramirez67@sample.com,68,Washington
68,Christopher,Lewis,christopher.lewis68@example.com,67,Columbus
69,James,Garcia,james.garcia69@example.com,26,New York
70,Matthew,Garcia,matthew.garcia70@example.com,41,Phoenix
71,Richard,Lewis,richard.lewis71@test.org,42,San Antonio
72,David,Robinson,david.robinson72@sample.com,29,San Diego
73,Linda,Rodriguez,linda.rodriguez73@sample.com,64,Los Angeles
74,Daniel,Jones,daniel.jones74@example.com,79,Columbus
75,John,White,john.white75@demo.net,47,Washington
76,Mark,Hernandez,mark.hernandez76@sample.com,30,Austin
77,David,Thompson,david.thompson77@example.com,27,Indianapolis
78,Mary,Thomas,mary.thomas78@sample.com,56,Denver
79,Sandra,Harris,sandra.harris79@sample.com,46,Indianapolis
80,Betty,Thompson,betty.thompson80@demo.net,36,Seattle
81,David,Davis,david.davis81@example.com,37,Jacksonville
82,James,Jackson,james.jackson82@test.org,75,Washington
83,Betty,Harris,betty.harris83@example.com,78,Washington
84,Elizabeth,Gonzalez,elizabeth.gonzalez84@demo.net,48,Indianapolis
85,Sandra,Lee,sandra.lee85@sample.com,53,Fort Worth
86,Sarah,Anderson,sarah.anderson86@test.org,46,Charlotte
87,William,Hernandez,william.hernandez87@sample.com,30,Washington
88,Betty,Thompson,betty.thompson88@test.org,64,San Diego
89,Thomas,Lewis,thomas.lewis89@sample.com,68,Fort Worth
90,James,Harris,james.harris90@example.com,62,Phoenix
91,Thomas,Sanchez,thomas.sanchez91@sample.com,31,Columbus
92,Robert,Harris,robert.harris92@example.com,35,Austin
93,Barbara,Anderson,barbara.anderson93@demo.net,30,Charlotte
94,Michael,Johnson,michael.johnson94@test.org,53,Dallas
95,David,Miller,david.miller95@demo.net,53,New York
96,Linda,Johnson,linda.johnson96@sample.com,76,Los Angeles
97,Mary,Brown,mary.brown97@example.com,76,Denver
98,John,White,john.white98@example.com,34,Houston
99,Linda,Moore,linda.moore99@test.org,73,Austin
100,Sarah,Jones,sarah.jones100@example.com,23,Jacksonville
101,Mary,Johnson,mary.johnson101@sample.com,20,Washington
102,Robert,Ramirez,robert.ramirez102@demo.net,74,Chicago
103,Jessica,Martinez,jessica.martinez103@sample.com,74,San Francisco
104,Linda,Smith,linda.smith104@sample.com,29,Fort Worth
105,John,Perez,john.perez105@example.com,57,Seattle
106,Karen,Johnson,karen.johnson106@demo.net,78,Phoenix
107,Linda,Anderson,linda.anderson107@example.com,77,San Jose
108,James,Miller,james.miller108@demo.net,53,Houston
109,Sandra,Brown,sandra.brown109@demo.net,59,Philadelphia
110,Mary,Taylor,mary.taylor110@test.org,44,Philadelphia
111,Sandra,Garcia,sandra.garcia111@demo.net,59,Austin
112,John,Brown,john.brown112@test.org,40,Los Angeles
113,Susan,Martinez,susan.martinez113@demo.net,40,San Francisco
114,Barbara,Johnson,barbara.johnson114@test.org,51,Los Angeles
115,William,Smith,william.smith115@sample.com,59,Denver
116,James,White,james.white116@sample.com,70,San Diego
117,John,Sanchez,john.sanchez117@example.com,58,Dallas
118,Thomas,Clark,thomas.clark118@test.org,59,Philadelphia
119,Lisa,Gonzalez,lisa.gonzalez119@test.org,62,San Francisco
120,Anthony,Ramirez,anthony.ramirez120@demo.net,76,San Jose
121,Susan,Garcia,susan.garcia121@sample.com,67,Washington
122,Richard,Rodriguez,richard.rodriguez122@test.org,26,Phoenix
123,Nancy,Wilson,nancy.wilson123@example.com,20,Indianapolis
124,Elizabeth,Johnson,elizabeth.johnson124@sample.com,36,Philadelphia
125,Mark,Davis,mark.davis125@test.org,58,San Jose
126,Joseph,Jones,joseph.jones126@sample.com,33,Austin
127,John,Lewis,john.lewis127@test.org,27,Austin
128,John,Jones,john.jones128@test.org,70,Denver
129,Linda,Jackson,linda.jackson129@example.com,38,New York
130,Mark,Miller,mark.miller130@demo.net,19,Charlotte
131,David,Perez,david.perez131@test.org,26,Houston
132,Michael,Smith,michael.smith132@demo.net,63,Columbus
133,Charles,Anderson,charles.anderson133@test.org,62,Los Angeles
134,Thomas,Lewis,thomas.lewis134@sample.com,37,Charlotte
135,James,Davis,james.davis135@test.org,50,San Antonio
136,Jessica,Sanchez,jessica.sanchez136@sample.com,66,Indianapolis
137,William,Hernandez,william.hernandez137@sample.com,25,San Jose
138,David,Martinez,david.martinez138@example.com,30,Dallas
139,Jessica,Garcia,jessica.garcia139@example.com,47,Phoenix
140,John,Gonzalez,john.gonzalez140@demo.net,30,New York
141,David,Taylor,david.taylor141@test.org,62,Washington
142,Thomas,Lopez,thomas.lopez142@test.org,20,Columbus
143,Lisa,Lopez,lisa.lopez143@sample.com,22,Phoenix
144,Lisa,Wilson,lisa.wilson144@demo.net,30,San Jose
145,Linda,Rodriguez,linda.rodriguez145@demo.net,47,Columbus
146,Matthew,Robinson,matthew.robinson146@demo.net,36,Dallas
147,Charles,Martin,charles.martin147@example.com,50,San Francisco
148,Karen,Jackson,karen.jackson148@test.org,29,Washington
149,Susan,Taylor,susan.taylor149@test.org,21,Philadelphia
150,Christopher,Rodriguez,christopher.rodriguez150@test.org,19,San Francisco
151,Jessica,Harris,jessica.harris151@sample.com,60,Philadelphia
152,Anthony,Jones,anthony.jones152@demo.net,29,Denver
153,Mary,Thomas,mary.thomas153@sample.com,69,New York
154,Karen,Gonzalez,karen.gonzalez154@example.com,40,Seattle
155,Lisa,Hernandez,lisa.hernandez155@example.com,79,San Francisco
156,John,Hernandez,john.hernandez156@example.com,18,New York
157,James,Wilson,james.wilson157@example.com,54,San Francisco
158,Charles,Wilson,charles.wilson158@sample.com,46,Chicago
159,Jennifer,Martin,jennifer.martin159@test.org,39,San Antonio
160,John,Clark,john.clark160@test.org,59,Jacksonville
161,Lisa,Smith,lisa.smith161@demo.net,37,San Antonio
162,Betty,Martinez,betty.martinez162@demo.net,51,Phoenix
163,Betty,Sanchez,betty.sanchez163@sample.com,64,Philadelphia
164,Susan,Harris,susan.harris164@example.com,18,Austin
165,Matthew,Anderson,matthew.anderson165@test.org,33,San Antonio
166,Linda,Rodriguez,linda.rodriguez166@demo.net,61,San Antonio
167,Margaret,Williams,margaret.williams167@example.com,29,Washington
168,Nancy,Moore,nancy.moore168@test.org,72,Chicago
169,Robert,Perez,robert.perez169@sample.com,47,Washington
170,Nancy,Lee,nancy.lee170@example.com,59,New York
171,Charles,Lewis,charles.lewis171@test.org,55,Fort Worth
172,Michael,Clark,michael.clark172@example.com,34,San Antonio
173,Jennifer,Thomas,jennifer.thomas173@demo.net,70,San Jose
174,Daniel,Perez,daniel.perez174@test.org,66,Jacksonville
175,Anthony,Jones,anthony.jones175@example.com,34,Chicago
176,Mary,Martinez,mary.martinez176@demo.net,74,San Antonio
177,Lisa,Smith,lisa.smith177@test.org,55,San Francisco
178,William,Lewis,william.lewis178@sample.com,31,Austin
179,Anthony,Taylor,anthony.taylor179@sample.com,43,Seattle
180,Patricia,Robinson,patricia.robinson180@demo.net,50,Houston
181,James,Clark,james.clark181@test.org,43,Columbus
182,Robert,Jackson,robert.jackson182@demo.net,38,Philadelphia
183,Barbara,Sanchez,barbara.sanchez183@example.com,42,Columbus
184,Daniel,Rodriguez,daniel.rodriguez184@sample.com,30,Indianapolis
185,William,Smith,william.smith185@sample.com,57,San Jose
186,Patricia,Johnson,patricia.johnson186@test.org,79,Indianapolis
187,Richard,Miller,richard.miller187@demo.net,32,San Francisco
188,Mark,Brown,mark.brown188@demo.net,75,San Jose
189,Mark,Davis,mark.davis189@sample.com,78,Austin
190,Jessica,Anderson,jessica.anderson190@example.com,24,Washington
191,Matthew,Sanchez,matthew.sanchez191@example.com,28,Austin
192,Elizabeth,Garcia,elizabeth.garcia192@example.com,29,San Antonio
193,Jennifer,Robinson,jennifer.robinson193@sample.com,47,Washington
194,Betty,Garcia,betty.garcia194@sample.com,22,Fort Worth
195,Matthew,Ramirez,matthew.ramirez195@sample.com,55,San Diego
196,Karen,Jackson,karen.jackson196@demo.net,65,Columbus
197,John,Jones,john.jones197@example.com,68,Dallas
198,David,Brown,david.brown198@sample.com,31,San Francisco
199,Christopher,Gonzalez,christopher.gonzalez199@test.org,70,New York
200,William,Wilson,william.wilson200@sample.com,68,Columbus
201,John,Moore,john.moore201@test.org,64,Columbus
202,Margaret,Clark,margaret.clark202@example.com,45,Indianapolis
203,Richard,Garcia,richard.garcia203@test.org,67,Indianapolis
204,Sarah,Anderson,sarah.anderson204@example.com,32,New York
205,Barbara,Robinson,barbara.robinson205@sample.com,45,Houston
206,Elizabeth,Johnson,elizabeth.johnson206@example.com,58,Washington
207,Margaret,Robinson,margaret.robinson207@sample.com,56,Los Angeles
208,Sarah,Lopez,sarah.lopez208@demo.net,41,Dallas
209,Barbara,Moore,barbara.moore209@demo.net,65,Chicago
210,Nancy,Davis,nancy.davis210@test.org,34,Seattle
211,Christopher,Sanchez,christopher.sanchez211@sample.com,58,San Francisco
212,Anthony,Williams,anthony.williams212@demo.net,31,San Francisco
213,Michael,Moore,michael.moore213@example.com,73,Charlotte
214,Barbara,Robinson,barbara.robinson214@test.org,77,Indianapolis
215,Jessica,Jackson,jessica.jackson215@example.com,37,Philadelphia
216,Anthony,Thompson,anthony.thompson216@demo.net,45,Austin
217,William,Jackson,william.jackson217@example.com,69,San Jose
218,Susan,Lewis,susan.lewis218@demo.net,48,San Francisco
219,Jennifer,White,jennifer.white219@test.org,59,San Jose
220,Mary,Jones,mary.jones220@sample.com,65,Denver
221,Jessica,Thomas,jessica.thomas221@sample.com,71,Seattle
222,Jennifer,Rodriguez,jennifer.rodriguez222@sample.com,24,Dallas
223,James,Davis,james.davis223@sample.com,41,Chicago
224,Linda,Lewis,linda.lewis224@example.com,43,Denver
225,Robert,Brown,robert.brown225@sample.com,77,New York
226,Sarah,Clark,sarah.clark226@sample.com,80,Denver
227,Charles,Smith,charles.smith227@test.org,68,Phoenix
228,Mark,Jones,mark.jones228@demo.net,74,Dallas
229,Jennifer,Hernandez,jennifer.hernandez229@demo.net,49,Columbus
230,Charles,Martinez,charles.martinez230@demo.net,33,San Jose
231,Nancy,Perez,nancy.perez231@test.org,42,Austin
232,Karen,Smith,karen.smith232@test.org,25,Chicago
233,Lisa,Clark,lisa.clark233@demo.net,36,Philadelphia
234,Sandra,Hernandez,sandra.hernandez234@test.org,37,Washington
235,Charles,Harris,charles.harris235@sample.com,69,Columbus
236,Richard,Martinez,richard.martinez236@demo.net,21,San Francisco
237,John,Harris,john.harris237@demo.net,55,Phoenix
238,Lisa,Gonzalez,lisa.gonzalez238@test.org,56,Austin
239,Patricia,Rodriguez,patricia.rodriguez239@demo.net,50,Dallas
240,Linda,Johnson,linda.johnson240@sample.com,36,San Antonio
241,Barbara,Garcia,barbara.garcia241@sample.com,61,Washington
242,Lisa,Jones,lisa.jones242@demo.net,67,Charlotte
243,Linda,Miller,linda.miller243@sample.com,55,San Antonio
244,Mark,Hernandez,mark.hernandez244@example.com,41,Philadelphia
245,Nancy,Gonzalez,nancy.gonzalez245@test.org,46,San Antonio
246,Daniel,Lewis,daniel.lewis246@sample.com,72,Chicago
247,Matthew,Thomas,matthew.thomas247@test.org,41,New York
248,Betty,Harris,betty.harris248@example.com,76,San Jose
249,Sandra,Brown,sandra.brown249@test.org,32,Los Angeles
250,Mary,Perez,mary.perez250@test.org,77,Columbus
251,Michael,Wilson,michael.wilson251@demo.net,63,Jacksonville
252,Daniel,Martinez,daniel.martinez252@example.com,19,San Jose
253,Robert,White,robert.white253@test.org,41,Phoenix
254,Sarah,Jones,sarah.jones254@example.com,63,Fort Worth
255,Robert,Smith,robert.smith255@example.com,42,Chicago
256,Linda,Harris,linda.harris256@test.org,65,Seattle
257,Nancy,Lewis,nancy.lewis257@demo.net,67,Austin
258,Jessica,White,jessica.white258@example.com,65,New York
259,Susan,Harris,susan.harris259@test.org,50,New York
260,Betty,Wilson,betty.wilson260@example.com,46,Los Angeles
261,Jessica,White,jessica.white261@demo.net,35,Fort Worth
262,Karen,Martin,karen.martin262@example.com,22,San Antonio
263,Linda,Thomas,linda.thomas263@demo.net,32,Dallas
264,Margaret,Jones,margaret.jones264@demo.net,56,Phoenix
265,David,Williams,david.williams265@demo.net,53,Chicago
266,Margaret,White,margaret.white266@sample.com,46,Fort Worth
267,James,Davis,james.davis267@example.com,20,Columbus
268,Margaret,Wilson,margaret.wilson268@sample.com,72,Fort Worth
269,Barbara,Jones,barbara.jones269@test.org,18,Denver
270,Jennifer,Jones,jennifer.jones270@sample.com,54,San Diego
271,Charles,Lee,charles.lee271@sample.com,57,Phoenix
272,Barbara,Lee,barbara.lee272@sample.com,77,Philadelphia
273,Richard,Johnson,richard.johnson273@sample.com,18,Denver
274,Betty,Rodriguez,betty.rodriguez274@test.org,64,Phoenix
275,Christopher,Moore,christopher.moore275@test.org,44,Houston
276,Joseph,Lopez,joseph.lopez276@demo.net,66,Austin
277,Michael,Thompson,michael.thompson277@test.org,32,Washington
278,William,Davis,william.davis278@example.com,61,Fort Worth
279,Karen,White,karen.white279@demo.net,66,San Francisco
280,Mary,Jackson,mary.jackson280@example.com,46,Fort Worth
281,Charles,Lewis,charles.lewis281@example.com,37,Philadelphia
282,John,Jones,john.jones282@demo.net,37,Fort Worth
283,Nancy,Johnson,nancy.johnson283@sample.com,52,Columbus
284,William,Thompson,william.thompson284@example.com,43,San Diego
285,Robert,Wilson,robert.wilson285@sample.com,45,Dallas
286,David,Ramirez,david.ramirez286@test.org,36,Seattle
287,Joseph,Thompson,joseph.thompson287@test.org,34,Jacksonville
288,Lisa,Wilson,lisa.wilson288@test.org,54,Fort Worth
289,Lisa,Lopez,lisa.lopez289@demo.net,64,San Diego
290,Jennifer,Martinez,jennifer.martinez290@sample.com,66,Phoenix
291,Lisa,Anderson,lisa.anderson291@test.org,57,Los Angeles
292,Nancy,Hernandez,nancy.hernandez292@example.com,61,Philadelphia
293,David,Martinez,david.martinez293@sample.com,66,Washington
294,John,Davis,john.davis294@test.org,26,Jacksonville
295,Charles,Lopez,charles.lopez295@sample.com,64,San Jose
296,Karen,Sanchez,karen.sanchez296@sample.com,69,San Jose
297,Thomas,Robinson,thomas.robinson297@test.org,34,Washington
298,Daniel,Jackson,daniel.jackson298@demo.net,30,Jacksonville
299,Linda,Jackson,linda.jackson299@demo.net,19,Indianapolis
300,Thomas,Clark,thomas.clark300@test.org,53,San Antonio
301,Jessica,Hernandez,jessica.hernandez301@example.com,27,San Jose
302,John,Moore,john.moore302@sample.com,41,San Diego
303,Robert,White,robert.white303@sample.com,37,Denver
304,Karen,Taylor,karen.taylor304@example.com,70,New York
305,Patricia,Thompson,patricia.thompson305@sample.com,68,Chicago
306,Daniel,Perez,daniel.perez306@demo.net,52,San Francisco
307,Christopher,Anderson,christopher.anderson307@example.com,76,New York
308,Susan,Johnson,susan.johnson308@sample.com,26,New York
309,Karen,Moore,karen.moore309@sample.com,55,Seattle
310,Joseph,Lopez,joseph.lopez310@demo.net,44,Philadelphia
311,David,Williams,david.williams311@demo.net,35,Washington
312,Mary,Hernandez,mary.hernandez312@example.com,38,New York
313,Barbara,Garcia,barbara.garcia313@example.com,38,Denver
314,Michael,Moore,michael.moore314@example.com,64,Columbus
315,Susan,Jackson,susan.jackson315@example.com,28,San Francisco
316,Anthony,Davis,anthony.davis316@example.com,60,Phoenix
317,Richard,Smith,richard.smith317@test.org,57,Austin
318,Lisa,Brown,lisa.brown318@test.org,34,Chicago
319,Daniel,Moore,daniel.moore319@example.com,20,Washington
320,William,Gonzalez,william.gonzalez320@example.com,40,Los Angeles
321,Patricia,Jones,patricia.jones321@test.org,47,San Diego
322,Michael,Wilson,michael.wilson322@example.com,30,San Antonio
323,John,Jones,john.jones323@test.org,50,Washington
324,Christopher,Lewis,christopher.lewis324@test.org,52,Fort Worth
325,Sandra,Robinson,sandra.robinson325@demo.net,27,Dallas
326,Betty,Clark,betty.clark326@demo.net,22,Seattle
327,Elizabeth,Jones,elizabeth.jones327@example.com,41,Chicago
328,Charles,Smith,charles.smith328@sample.com,44,San Francisco
329,Jessica,Thompson,jessica.thompson329@demo.net,51,San Diego
330,Elizabeth,Miller,elizabeth.miller330@demo.net,18,San Antonio
331,Sarah,Thomas,sarah.thomas331@test.org,73,Columbus
332,Mark,Lee,mark.lee332@test.org,20,Jacksonville
333,James,Harris,james.harris333@demo.net,66,Jacksonville
334,James,Smith,james.smith334@test.org,40,San Francisco
335,Karen,Harris,karen.harris335@demo.net,33,Dallas
336,Sarah,Wilson,sarah.wilson336@test.org,18,Denver
337,Sandra,Thomas,sandra.thomas337@test.org,19,New York
338,Elizabeth,Thomas,elizabeth.thomas338@sample.com,57,Philadelphia
339,Susan,Gonzalez,susan.gonzalez339@sample.com,78,Columbus
340,Susan,Johnson,susan.johnson340@demo.net,19,Fort Worth
341,Mary,Harris,mary.harris341@demo.net,65,Charlotte
342,Anthony,Martinez,anthony.martinez342@demo.net,57,San Diego
343,Patricia,Smith,patricia.smith343@demo.net,44,Seattle
344,William,Miller,william.miller344@example.com,22,Houston
345,Karen,Lee,karen.lee345@demo.net,18,Houston
346,Karen,Moore,karen.moore346@example.com,24,San Francisco
347,Linda,Moore,linda.moore347@demo.net,65,Seattle
348,Matthew,Jackson,matthew.jackson348@example.com,39,Austin
349,Patricia,Harris,patricia.harris349@test.org,59,Charlotte
350,Sandra,Clark,sandra.clark350@test.org,54,Fort Worth
351,Charles,Martin,charles.martin351@sample.com,55,Indianapolis
352,William,Garcia,william.garcia352@example.com,41,Denver
353,Daniel,Harris,daniel.harris353@test.org,23,Philadelphia
354,Joseph,Lee,joseph.lee354@sample.com,45,Philadelphia
355,Mary,Perez,mary.perez355@test.org,54,Chicago
356,Susan,Perez,susan.perez356@sample.com,59,Chicago
357,Nancy,Clark,nancy.clark357@sample.com,39,Houston
358,Matthew,Garcia,matthew.garcia358@test.org,39,San Diego
359,Charles,Ramirez,charles.ramirez359@demo.net,61,Dallas
360,Margaret,Jackson,margaret.jackson360@demo.net,28,Austin
361,John,Martinez,john.martinez361@sample.com,34,Dallas
362,Jessica,Ramirez,jessica.ramirez362@sample.com,50,San Diego
363,Susan,Jackson,susan.jackson363@demo.net,28,Los Angeles
364,Margaret,Hernandez,margaret.hernandez364@test.org,19,Jacksonville
365,Charles,Lewis,charles.lewis365@sample.com,63,Seattle
366,Christopher,Martinez,christopher.martinez366@example.com,20,San Antonio
367,Charles,Williams,charles.williams367@test.org,37,Chicago
368,Mary,Garcia,mary.garcia368@example.com,45,Philadelphia
369,James,Garcia,james.garcia369@test.org,58,Chicago
370,Matthew,Jackson,matthew.jackson370@test.org,70,San Francisco
371,Sarah,Thompson,sarah.thompson371@sample.com,55,Austin
372,Linda,Ramirez,linda.ramirez372@demo.net,19,San Antonio
373,Sandra,Harris,sandra.harris373@demo.net,28,Philadelphia
374,Patricia,Davis,patricia.davis374@demo.net,48,Philadelphia
375,Charles,Hernandez,charles.hernandez375@sample.com,58,Washington
376,Lisa,Thompson,lisa.thompson376@example.com,70,Indianapolis
377,Margaret,Jones,margaret.jones377@example.com,29,Houston
378,Susan,Jackson,susan.jackson378@test.org,46,Houston
379,Elizabeth,Brown,elizabeth.brown379@example.com,31,Philadelphia
380,Robert,Robinson,robert.robinson380@demo.net,66,Philadelphia
381,Nancy,Ramirez,nancy.ramirez381@demo.net,73,Los Angeles
382,Daniel,Thompson,daniel.thompson382@sample.com,57,Jacksonville
383,Michael,Lopez,michael.lopez383@example.com,79,San Jose
384,Matthew,Johnson,matthew.johnson384@example.com,79,Indianapolis
385,Jennifer,Perez,jennifer.perez385@sample.com,20,Charlotte
386,Mark,Lee,mark.lee386@demo.net,28,San Jose
387,John,Garcia,john.garcia387@example.com,65,Dallas
388,Sandra,Lee,sandra.lee388@test.org,48,Jacksonville
389,Robert,Gonzalez,robert.gonzalez389@sample.com,25,Dallas
390,Richard,Brown,richard.brown390@demo.net,39,Los Angeles
391,Barbara,Miller,barbara.miller391@sample.com,21,Fort Worth
392,Michael,Wilson,michael.wilson392@example.com,43,Chicago
393,Nancy,Sanchez,nancy.sanchez393@test.org,45,Houston
394,Sarah,Miller,sarah.miller394@demo.net,79,Washington
395,Margaret,Jackson,margaret.jackson395@example.com,61,Washington
396,Thomas,Lee,thomas.lee396@sample.com,53,Chicago
397,Elizabeth,Perez,elizabeth.perez397@example.com,71,Columbus
398,Karen,White,karen.white398@sample.com,63,Dallas
399,Barbara,Harris,barbara.harris399@sample.com,45,Phoenix
400,Mark,White,mark.white400@demo.net,42,San Diego
401,Robert,Jackson,robert.jackson401@test.org,64,San Diego
402,John,Wilson,john.wilson402@demo.net,20,Phoenix
403,Sandra,Martinez,sandra.martinez403@example.com,46,Chicago
404,Thomas,Thomas,thomas.thomas404@demo.net,62,Los Angeles
405,Robert,Ramirez,robert.ramirez405@example.com,74,San Jose
406,Elizabeth,Moore,elizabeth.moore406@test.org,40,San Jose
407,Jessica,Rodriguez,jessica.rodriguez407@example.com,36,Denver
408,Linda,Williams,linda.williams408@example.com,34,San Diego
409,Michael,Rodriguez,michael.rodriguez409@sample.com,32,New York
410,James,Thomas,james.thomas410@test.org,33,Washington
411,Mary,Thompson,mary.thompson411@demo.net,65,San Antonio
412,David,Davis,david.davis412@demo.net,41,San Francisco
413,Elizabeth,Garcia,elizabeth.garcia413@demo.net,77,San Antonio
414,Nancy,Jones,nancy.jones414@demo.net,28,Fort Worth
415,Daniel,Robinson,daniel.robinson415@sample.com,57,Houston
416,James,Rodriguez,james.rodriguez416@example.com,66,Austin
417,Linda,Martin,linda.martin417@example.com,22,Los Angeles
418,Sarah,Martin,sarah.martin418@demo.net,74,Indianapolis
419,Sandra,Robinson,sandra.robinson419@test.org,66,San Diego
420,Michael,Anderson,michael.anderson420@example.com,50,San Antonio
421,Christopher,Johnson,christopher.johnson421@sample.com,53,Houston
422,Margaret,Miller,margaret.miller422@demo.net,31,Indianapolis
423,Michael,Davis,michael.davis423@test.org,32,Los Angeles
424,Robert,Garcia,robert.garcia424@sample.com,66,Los Angeles
425,Christopher,Taylor,christopher.taylor425@example.com,63,Seattle
426,Susan,Brown,susan.brown426@demo.net,75,Philadelphia
427,Matthew,Clark,matthew.clark427@demo.net,60,Washington
428,Margaret,Williams,margaret.williams428@demo.net,48,Fort Worth
429,Christopher,Wilson,christopher.wilson429@test.org,78,Jacksonville
430,Elizabeth,Ramirez,elizabeth.ramirez430@test.org,63,Denver
431,James,Lewis,james.lewis431@demo.net,70,Columbus
432,Charles,Hernandez,charles.hernandez432@test.org,28,Fort Worth
433,Mark,Thomas,mark.thomas433@demo.net,37,San Francisco
434,Sandra,Harris,sandra.harris434@demo.net,46,Washington
435,Karen,Hernandez,karen.hernandez435@test.org,62,Austin
436,Lisa,Martinez,lisa.martinez436@demo.net,79,Washington
437,Nancy,Thomas,nancy.thomas437@example.com,67,Dallas
438,Sarah,Clark,sarah.clark438@demo.net,56,Jacksonville
439,Mark,Moore,mark.moore439@example.com,23,San Francisco
440,Margaret,Moore,margaret.moore440@example.com,63,Charlotte
441,Margaret,Thompson,margaret.thompson441@example.com,23,New York
442,Linda,White,linda.white442@sample.com,76,Dallas
443,William,Ramirez,william.ramirez443@sample.com,80,San Diego
444,James,Miller,james.miller444@example.com,41,Columbus
445,Joseph,Clark,joseph.clark445@example.com,52,Chicago
446,Jessica,Taylor,jessica.taylor446@test.org,68,Austin
447,Charles,Brown,charles.brown447@example.com,76,Jacksonville
448,Matthew,Robinson,matthew.robinson448@sample.com,77,Austin
449,Patricia,Rodriguez,patricia.rodriguez449@demo.net,67,Chicago
450,Sarah,Johnson,sarah.johnson450@example.com,78,Los Angeles
451,Elizabeth,Johnson,elizabeth.johnson451@demo.net,71,Houston
452,James,Gonzalez,james.gonzalez452@demo.net,30,Phoenix
453,Karen,Wilson,karen.wilson453@demo.net,33,Denver
454,Margaret,Lopez,margaret.lopez454@demo.net,61,Los Angeles
455,Robert,Lee,robert.lee455@example.com,24,Seattle
456,Barbara,Moore,barbara.moore456@example.com,42,Chicago
457,Mark,Wilson,mark.wilson457@sample.com,52,Austin
458,Nancy,Davis,nancy.davis458@test.org,61,Austin
459,Charles,Martin,charles.martin459@test.org,65,San Jose
460,Joseph,Brown,joseph.brown460@sample.com,63,San Francisco
461,Mary,Thompson,mary.thompson461@demo.net,77,Denver
462,James,Ramirez,james.ramirez462@sample.com,76,Dallas
463,David,Lewis,david.lewis463@example.com,21,Denver
464,William,Taylor,william.taylor464@demo.net,68,San Diego
465,Joseph,Martinez,joseph.martinez465@sample.com,55,Phoenix
466,Robert,Robinson,robert.robinson466@sample.com,35,Phoenix
467,Joseph,Jackson,joseph.jackson467@sample.com,20,Jacksonville
468,Sandra,Wilson,sandra.wilson468@example.com,64,San Diego
469,Sandra,Martin,sandra.martin469@sample.com,55,Los Angeles
470,Robert,Williams,robert.williams470@example.com,64,Dallas
471,David,Taylor,david.taylor471@test.org,30,Phoenix
472,Lisa,Jones,lisa.jones472@sample.com,64,Indianapolis
473,Anthony,Ramirez,anthony.ramirez473@demo.net,64,Austin
474,Robert,Jackson,robert.jackson474@test.org,44,San Jose
475,Nancy,Jones,nancy.jones475@demo.net,55,Chicago
476,Elizabeth,Lewis,elizabeth.lewis476@test.org,19,Chicago
477,Margaret,Hernandez,margaret.hernandez477@demo.net,51,San Antonio
478,Matthew,Anderson,matthew.anderson478@demo.net,58,Austin
479,John,Davis,john.davis479@sample.com,50,Philadelphia
480,Patricia,Martin,patricia.martin480@demo.net,69,Seattle
481,Sandra,Rodriguez,sandra.rodriguez481@example.com,58,New York
482,Michael,Smith,michael.smith482@demo.net,61,Denver
483,David,Lopez,david.lopez483@example.com,18,Columbus
484,Patricia,Lopez,patricia.lopez484@example.com,75,Denver
485,Daniel,Thompson,daniel.thompson485@example.com,59,Indianapolis
486,Patricia,Smith,patricia.smith486@sample.com,41,Dallas
487,Nancy,Brown,nancy.brown487@sample.com,33,San Jose
488,Elizabeth,Thompson,elizabeth.thompson488@test.org,22,Indianapolis
489,Christopher,Gonzalez,christopher.gonzalez489@example.com,73,Washington
490,David,Johnson,david.johnson490@demo.net,27,Columbus
491,Jennifer,Lopez,jennifer.lopez491@sample.com,54,San Francisco
492,Betty,Lewis,betty.lewis492@demo.net,30,Columbus
493,Thomas,Taylor,thomas.taylor493@test.org,69,Houston
494,Lisa,Miller,lisa.miller494@example.com,37,Chicago
495,Sandra,Jones,sandra.jones495@demo.net,26,Los Angeles
496,Charles,Lopez,charles.lopez496@sample.com,45,Chicago
497,Lisa,Brown,lisa.brown497@demo.net,80,Los Angeles
498,Sarah,Gonzalez,sarah.gonzalez498@example.com,51,Washington
499,Susan,Thomas,susan.thomas499@test.org,28,Dallas
500,Joseph,White,joseph.white500@example.com,61,Dallas
501,Lisa,Jackson,lisa.jackson501@test.org,34,Seattle
502,Daniel,Harris,daniel.harris502@test.org,27,Philadelphia
503,David,Thomas,david.thomas503@demo.net,41,Columbus
504,Thomas,Jones,thomas.jones504@sample.com,66,San Diego
505,Michael,Perez,michael.perez505@demo.net,39,Houston
506,David,Clark,david.clark506@demo.net,62,Seattle
507,Elizabeth,Hernandez,elizabeth.hernandez507@demo.net,35,Phoenix
508,Patricia,Williams,patricia.williams508@test.org,36,Los Angeles
509,Mary,Thomas,mary.thomas509@test.org,19,San Jose
510,Betty,Garcia,betty.garcia510@example.com,70,Washington
511,William,Ramirez,william.ramirez511@example.com,25,Fort Worth
512,Robert,Johnson,robert.johnson512@test.org,20,Chicago
513,Joseph,Williams,joseph.williams513@example.com,24,Indianapolis
514,Jessica,Sanchez,jessica.sanchez514@test.org,21,Jacksonville
515,Daniel,Harris,daniel.harris515@example.com,80,San Jose
516,Patricia,Sanchez,patricia.sanchez516@example.com,36,Phoenix
517,Thomas,Ramirez,thomas.ramirez517@sample.com,70,Dallas
518,Nancy,Clark,nancy.clark518@test.org,71,San Antonio
519,William,Anderson,william.anderson519@sample.com,26,Chicago
520,Michael,Lee,michael.lee520@demo.net,53,Philadelphia
521,Charles,Sanchez,charles.sanchez521@sample.com,42,San Antonio
522,Matthew,Rodriguez,matthew.rodriguez522@demo.net,36,Austin
523,Joseph,Smith,joseph.smith523@test.org,51,Houston
524,Richard,Lopez,richard.lopez524@sample.com,55,Charlotte
525,Matthew,Brown,matthew.brown525@demo.net,64,San Francisco
526,Charles,Gonzalez,charles.gonzalez526@sample.com,66,Austin
527,Sarah,Sanchez,sarah.sanchez527@demo.net,37,Austin
528,Christopher,Williams,christopher.williams528@example.com,62,Jacksonville
529,James,Davis,james.davis529@demo.net,56,Fort Worth
530,William,Anderson,william.anderson530@demo.net,57,Phoenix
531,Margaret,Martinez,margaret.martinez531@sample.com,27,Denver
532,Sandra,Lopez,sandra.lopez532@test.org,64,Fort Worth
533,David,Rodriguez,david.rodriguez533@sample.com,47,Los Angeles
534,Jennifer,Wilson,jennifer.wilson534@example.com,48,San Jose
535,Christopher,Garcia,christopher.garcia535@test.org,73,Jacksonville
536,Elizabeth,Thomas,elizabeth.thomas536@sample.com,43,Fort Worth
537,Robert,Moore,robert.moore537@example.com,64,Indianapolis
538,William,Garcia,william.garcia538@sample.com,72,San Francisco
539,Mark,Taylor,mark.taylor539@demo.net,19,Denver
540,Barbara,Lewis,barbara.lewis540@sample.com,44,Phoenix
541,Margaret,Lopez,margaret.lopez541@test.org,80,Fort Worth
542,Sandra,Gonzalez,sandra.gonzalez542@demo.net,39,Jacksonville
543,Betty,Moore,betty.moore543@test.org,62,Los Angeles
544,Betty,Johnson,betty.johnson544@test.org,49,San Antonio
545,Mark,Martin,mark.martin545@test.org,74,San Antonio
546,Jennifer,Martinez,jennifer.martinez546@test.org,67,Charlotte
547,Thomas,Robinson,thomas.robinson547@demo.net,37,Los Angeles
548,Daniel,Taylor,daniel.taylor548@demo.net,52,Denver
549,Richard,Johnson,richard.johnson549@demo.net,71,Fort Worth
550,Nancy,Garcia,nancy.garcia550@sample.com,65,San Diego
551,Linda,Moore,linda.moore551@example.com,20,Seattle
552,Sandra,Harris,sandra.harris552@example.com,39,Houston
553,Sandra,Perez,sandra.perez553@demo.net,30,Charlotte
554,Jessica,Taylor,jessica.taylor554@sample.com,74,Seattle
555,Susan,Anderson,susan.anderson555@sample.com,63,Denver
556,Charles,Perez,charles.perez556@example.com,27,Dallas
557,Matthew,Gonzalez,matthew.gonzalez557@test.org,77,Houston
558,Susan,Robinson,susan.robinson558@sample.com,19,Jacksonville
559,Robert,Smith,robert.smith559@demo.net,45,Jacksonville
560,Sarah,Williams,sarah.williams560@sample.com,63,Washington
561,Lisa,Thompson,lisa.thompson561@demo.net,20,Washington
562,James,Smith,james.smith562@sample.com,51,Seattle
563,James,Taylor,james.taylor563@example.com,36,Philadelphia
564,Joseph,Davis,joseph.davis564@example.com,25,Charlotte
565,Anthony,Martin,anthony.martin565@demo.net,77,Fort Worth
566,James,Thomas,james.thomas566@example.com,55,San Diego
567,Mark,Sanchez,mark.sanchez567@sample.com,59,Columbus
568,Jennifer,Sanchez,jennifer.sanchez568@example.com,55,Indianapolis
569,Nancy,Martin,nancy.martin569@example.com,48,Austin
570,Mary,Davis,mary.davis570@test.org,71,Indianapolis
571,Susan,Sanchez,susan.sanchez571@sample.com,79,Columbus
572,Elizabeth,Moore,elizabeth.moore572@test.org,51,Austin
573,Richard,Johnson,richard.johnson573@test.org,63,Los Angeles
574,Richard,Johnson,richard.johnson574@demo.net,70,Philadelphia
575,Margaret,Wilson,margaret.wilson575@example.com,64,Phoenix
576,James,Rodriguez,james.rodriguez576@demo.net,58,Denver
577,Mark,Hernandez,mark.hernandez577@example.com,22,Fort Worth
578,Elizabeth,Jones,elizabeth.jones578@demo.net,37,Columbus
579,Margaret,Taylor,margaret.taylor579@sample.com,77,San Jose
580,Sarah,Robinson,sarah.robinson580@test.org,74,Austin
581,Mary,Harris,mary.harris581@example.com,52,Chicago
582,John,Davis,john.davis582@demo.net,29,Columbus
583,Karen,Thompson,karen.thompson583@test.org,77,Jacksonville
584,Mark,Hernandez,mark.hernandez584@test.org,69,Denver
585,Lisa,Brown,lisa.brown585@demo.net,68,Fort Worth
586,John,Thomas,john.thomas586@example.com,18,Chicago
587,Christopher,Lopez,christopher.lopez587@sample.com,47,Phoenix
588,Margaret,Martin,margaret.martin588@sample.com,29,Fort Worth
589,Robert,Perez,robert.perez589@sample.com,24,Charlotte
590,Daniel,Rodriguez,daniel.rodriguez590@demo.net,28,San Francisco
591,John,Lee,john.lee591@sample.com,76,Philadelphia
592,Mary,Garcia,mary.garcia592@demo.net,79,Jacksonville
593,Susan,Wilson,susan.wilson593@demo.net,29,Seattle
594,Michael,Taylor,michael.taylor594@demo.net,75,Dallas
595,Nancy,Jones,nancy.jones595@sample.com,45,Austin
596,Richard,Moore,richard.moore596@demo.net,75,Dallas
597,William,Miller,william.miller597@test.org,40,Columbus
598,Christopher,Brown,christopher.brown598@test.org,20,Seattle
599,Margaret,Wilson,margaret.wilson599@demo.net,40,San Antonio
600,Charles,Wilson,charles.wilson600@demo.net,25,Columbus
601,William,Lewis,william.lewis601@example.com,68,Jacksonville
602,Sandra,Clark,sandra.clark602@example.com,76,San Diego
603,Sarah,Martinez,sarah.martinez603@demo.net,18,New York
604,Nancy,Thomas,nancy.thomas604@example.com,44,Seattle
605,James,Taylor,james.taylor605@test.org,69,Philadelphia
606,Elizabeth,Thompson,elizabeth.thompson606@example.com,80,Jacksonville
607,Nancy,Hernandez,nancy.hernandez607@test.org,28,Jacksonville
608,Betty,Ramirez,betty.ramirez608@test.org,20,Washington
609,Elizabeth,Ramirez,elizabeth.ramirez609@example.com,53,Houston
610,Linda,Smith,linda.smith610@example.com,58,Charlotte
611,Christopher,Harris,christopher.harris611@example.com,45,Dallas
612,Margaret,Ramirez,margaret.ramirez612@example.com,43,Fort Worth
613,Sarah,Smith,sarah.smith613@test.org,49,Denver
614,Sarah,Robinson,sarah.robinson614@example.com,46,Dallas
615,Anthony,Rodriguez,anthony.rodriguez615@sample.com,72,Dallas
616,Patricia,Thompson,patricia.thompson616@demo.net,71,Charlotte
617,Daniel,Martin,daniel.martin617@demo.net,21,Jacksonville
618,John,Rodriguez,john.rodriguez618@demo.net,49,Phoenix
619,Linda,Williams,linda.williams619@example.com,29,Austin
620,Patricia,Jackson,patricia.jackson620@demo.net,52,San Antonio
621,Sandra,Gonzalez,sandra.gonzalez621@demo.net,79,Jacksonville
622,Karen,Thompson,karen.thompson622@sample.com,39,San Diego
623,John,Lewis,john.lewis623@sample.com,53,New York
624,Margaret,Harris,margaret.harris624@sample.com,76,Fort Worth
625,Jessica,Rodriguez,jessica.rodriguez625@test.org,49,Phoenix
626,Mark,Jackson,mark.jackson626@sample.com,68,Denver
627,Daniel,Harris,daniel.harris627@demo.net,51,Philadelphia
628,Nancy,Harris,nancy.harris628@demo.net,23,Chicago
629,Jennifer,Martin,jennifer.martin629@demo.net,66,Jacksonville
630,Margaret,Brown,margaret.brown630@demo.net,34,Houston
631,Jessica,Thompson,jessica.thompson631@demo.net,39,Denver
632,Elizabeth,Gonzalez,elizabeth.gonzalez632@test.org,48,Phoenix
633,Barbara,Gonzalez,barbara.gonzalez633@sample.com,65,Indianapolis
634,Mark,Miller,mark.miller634@demo.net,80,Charlotte
635,Jessica,Jackson,jessica.jackson635@demo.net,51,San Antonio
636,Patricia,Brown,patricia.brown636@sample.com,39,Washington
637,Betty,Ramirez,betty.ramirez637@test.org,54,Dallas
638,Susan,Smith,susan.smith638@example.com,37,Austin
639,Charles,Martin,charles.martin639@example.com,66,Charlotte
640,Susan,Garcia,susan.garcia640@example.com,27,New York
641,David,Johnson,david.johnson641@demo.net,29,Dallas
642,Jessica,Clark,jessica.clark642@example.com,25,Washington
643,Christopher,Taylor,christopher.taylor643@test.org,48,Denver
644,Christopher,Hernandez,christopher.hernandez644@demo.net,44,Austin
645,Nancy,Rodriguez,nancy.rodriguez645@example.com,22,Indianapolis
646,Lisa,Ramirez,lisa.ramirez646@test.org,21,Seattle
647,Betty,Thomas,betty.thomas647@sample.com,20,New York
648,Thomas,Harris,thomas.harris648@test.org,73,Washington
649,James,Jones,james.jones649@test.org,40,Los Angeles
650,Jessica,Williams,jessica.williams650@example.com,74,Seattle
651,James,Lee,james.lee651@test.org,29,Seattle
652,Christopher,Thomas,christopher.thomas652@demo.net,51,Philadelphia
653,John,Brown,john.brown653@test.org,69,Los Angeles
654,Jennifer,Williams,jennifer.williams654@test.org,46,Chicago
655,Thomas,Lewis,thomas.lewis655@sample.com,43,Seattle
656,Jennifer,Ramirez,jennifer.ramirez656@demo.net,52,San Antonio
657,Richard,Wilson,richard.wilson657@demo.net,68,Washington
658,Mary,Martin,mary.martin658@demo.net,59,New York
659,John,Perez,john.perez659@sample.com,40,Fort Worth
660,Richard,Perez,richard.perez660@example.com,67,Denver
661,John,White,john.white661@sample.com,20,Chicago
662,Jessica,Hernandez,jessica.hernandez662@sample.com,76,San Diego
663,Margaret,Ramirez,margaret.ramirez663@sample.com,58,Los Angeles
664,Charles,White,charles.white664@demo.net,49,San Antonio
665,Matthew,White,matthew.white665@test.org,78,Phoenix
666,Jennifer,Gonzalez,jennifer.gonzalez666@example.com,51,Philadelphia
667,Elizabeth,Wilson,elizabeth.wilson667@example.com,72,Charlotte
668,Michael,Clark,michael.clark668@sample.com,32,Dallas
669,Linda,Clark,linda.clark669@demo.net,70,Indianapolis
670,Robert,Lewis,robert.lewis670@test.org,49,Philadelphia
671,Joseph,Sanchez,joseph.sanchez671@sample.com,39,New York
672,Karen,Taylor,karen.taylor672@sample.com,52,Chicago
673,William,Jones,william.jones673@example.com,62,Charlotte
674,Christopher,Clark,christopher.clark674@test.org,64,Phoenix
675,Thomas,Williams,thomas.williams675@example.com,32,Indianapolis
676,Michael,Williams,michael.williams676@demo.net,41,San Antonio
677,Mary,Johnson,mary.johnson677@sample.com,48,Denver
678,Linda,Thompson,linda.thompson678@test.org,39,Seattle
679,Barbara,Rodriguez,barbara.rodriguez679@sample.com,60,Los Angeles
680,Margaret,Davis,margaret.davis680@test.org,56,San Antonio
681,Sandra,Rodriguez,sandra.rodriguez681@example.com,74,San Jose
682,James,Williams,james.williams682@test.org,39,Washington
683,Thomas,Taylor,thomas.taylor683@test.org,24,San Antonio
684,Jessica,Perez,jessica.perez684@example.com,49,Washington
685,Charles,Davis,charles.davis685@demo.net,34,Philadelphia
686,Joseph,Lee,joseph.lee686@sample.com,29,Phoenix
687,Nancy,Garcia,nancy.garcia687@test.org,44,Indianapolis
688,James,Miller,james.miller688@test.org,58,Jacksonville
689,Patricia,Lopez,patricia.lopez689@sample.com,40,Seattle
690,Richard,Thompson,richard.thompson690@example.com,61,San Diego
691,Linda,Jones,linda.jones691@demo.net,20,Fort Worth
692,Jessica,Smith,jessica.smith692@sample.com,58,Fort Worth
693,Elizabeth,Moore,elizabeth.moore693@demo.net,28,Charlotte
694,Betty,Garcia,betty.garcia694@sample.com,58,San Antonio
695,Jessica,Robinson,jessica.robinson695@sample.com,72,New York
696,Joseph,Jackson,joseph.jackson696@test.org,51,Jacksonville
697,Karen,Anderson,karen.anderson697@test.org,80,Houston
698,Jennifer,Rodriguez,jennifer.rodriguez698@test.org,33,Fort Worth
699,Sandra,Gonzalez,sandra.gonzalez699@sample.com,77,Philadelphia
700,James,Anderson,james.anderson700@sample.com,50,Columbus
701,Daniel,Gonzalez,daniel.gonzalez701@example.com,65,Columbus
702,Lisa,Clark,lisa.clark702@test.org,21,Jacksonville
703,Sarah,Sanchez,sarah.sanchez703@test.org,19,San Diego
704,Lisa,Ramirez,lisa.ramirez704@demo.net,32,Austin
705,Joseph,Clark,joseph.clark705@demo.net,61,Austin
706,David,Lee,david.lee706@demo.net,77,Indianapolis
707,Michael,Anderson,michael.anderson707@example.com,70,San Diego
708,Elizabeth,Clark,elizabeth.clark708@sample.com,38,Fort Worth
709,Linda,Martin,linda.martin709@sample.com,42,Denver
710,Susan,Hernandez,susan.hernandez710@test.org,54,San Antonio
711,Nancy,Ramirez,nancy.ramirez711@example.com,45,Denver
712,Charles,Clark,charles.clark712@demo.net,22,San Jose
713,Jessica,Thomas,jessica.thomas713@test.org,69,Chicago
714,Charles,Brown,charles.brown714@test.org,27,San Antonio
715,Barbara,Harris,barbara.harris715@test.org,31,Philadelphia
716,Betty,Moore,betty.moore716@example.com,62,Jacksonville
717,Daniel,Sanchez,daniel.sanchez717@example.com,25,Charlotte
718,Patricia,Lee,patricia.lee718@sample.com,29,Chicago
719,John,Martinez,john.martinez719@demo.net,23,Philadelphia
720,Michael,Lopez,michael.lopez720@demo.net,25,Seattle
721,Anthony,Johnson,anthony.johnson721@example.com,22,Washington
722,Karen,Smith,karen.smith722@sample.com,74,Chicago
723,Richard,Smith,richard.smith723@sample.com,59,Los Angeles
724,Linda,Gonzalez,linda.gonzalez724@example.com,56,Columbus
725,Karen,Lee,karen.lee725@example.com,56,San Francisco
726,Barbara,Thomas,barbara.thomas726@demo.net,65,Chicago
727,Nancy,White,nancy.white727@sample.com,38,San Antonio
728,Charles,Wilson,charles.wilson728@example.com,51,Austin
729,Jessica,Taylor,jessica.taylor729@example.com,35,Denver
730,Mary,Miller,mary.miller730@test.org,76,Denver
731,Sarah,Sanchez,sarah.sanchez731@demo.net,18,Los Angeles
732,Margaret,Lee,margaret.lee732@example.com,42,Indianapolis
733,Matthew,Robinson,matthew.robinson733@test.org,31,Denver
734,Charles,Smith,charles.smith734@demo.net,32,Washington
735,Richard,Lee,richard.lee735@demo.net,29,Chicago
736,Christopher,Perez,christopher.perez736@test.org,36,Phoenix
737,Jessica,Lewis,jessica.lewis737@sample.com,77,Fort Worth
738,Michael,Perez,michael.perez738@sample.com,56,Seattle
739,Christopher,Gonzalez,christopher.gonzalez739@example.com,58,Houston
740,Jennifer,Moore,jennifer.moore740@example.com,61,New York
741,Elizabeth,Ramirez,elizabeth.ramirez741@demo.net,33,Houston
742,William,Moore,william.moore742@example.com,79,Columbus
743,Richard,Lewis,richard.lewis743@sample.com,56,Fort Worth
744,Joseph,Jones,joseph.jones744@example.com,23,New York
745,Thomas,Martin,thomas.martin745@sample.com,24,Phoenix
746,Matthew,Smith,matthew.smith746@example.com,35,New York
747,William,Lewis,william.lewis747@test.org,78,San Diego
748,Michael,Martin,michael.martin748@sample.com,77,Denver
749,Robert,Lee,robert.lee749@example.com,26,Phoenix
750,Anthony,Garcia,anthony.garcia750@test.org,35,Indianapolis
751,Elizabeth,Hernandez,elizabeth.hernandez751@test.org,69,Dallas
752,Elizabeth,Johnson,elizabeth.johnson752@test.org,25,San Jose
753,Nancy,Williams,nancy.williams753@example.com,56,Austin
754,Barbara,Anderson,barbara.anderson754@demo.net,48,Jacksonville
755,Linda,Rodriguez,linda.rodriguez755@test.org,20,Denver
756,Patricia,Thomas,patricia.thomas756@example.com,76,Denver
757,Sandra,Wilson,sandra.wilson757@test.org,59,Columbus
758,Anthony,Jones,anthony.jones758@sample.com,21,Fort Worth
759,John,Garcia,john.garcia759@sample.com,76,Chicago
760,Anthony,Perez,anthony.perez760@sample.com,19,Los Angeles
761,Margaret,Moore,margaret.moore761@example.com,37,Jacksonville
762,Susan,Garcia,susan.garcia762@sample.com,38,Indianapolis
763,Mary,Martinez,mary.martinez763@demo.net,78,Washington
764,Matthew,Clark,matthew.clark764@sample.com,56,San Jose
765,Mary,White,mary.white765@example.com,61,Jacksonville
766,Charles,Lopez,charles.lopez766@demo.net,36,Houston
767,Robert,Lewis,robert.lewis767@demo.net,28,Dallas
768,Christopher,Hernandez,christopher.hernandez768@test.org,26,Indianapolis
769,Lisa,Clark,lisa.clark769@test.org,73,Fort Worth
770,William,Lewis,william.lewis770@test.org,19,San Jose
771,Patricia,Jones,patricia.jones771@sample.com,28,Charlotte
772,Sarah,Harris,sarah.harris772@demo.net,44,Los Angeles
773,Mary,Thompson,mary.thompson773@test.org,47,San Antonio
774,Susan,Gonzalez,susan.gonzalez774@test.org,22,Denver
775,John,Brown,john.brown775@sample.com,70,Indianapolis
776,James,Sanchez,james.sanchez776@test.org,64,San Francisco
777,Betty,Hernandez,betty.hernandez777@demo.net,53,San Francisco
778,James,Perez,james.perez778@example.com,46,Phoenix
779,Elizabeth,Davis,elizabeth.davis779@sample.com,34,Denver
780,Elizabeth,Lopez,elizabeth.lopez780@test.org,52,Washington
781,Daniel,White,daniel.white781@example.com,70,Dallas
782,Mark,Thompson,mark.thompson782@demo.net,68,Chicago
783,Susan,Williams,susan.williams783@example.com,29,Indianapolis
784,Joseph,Martinez,joseph.martinez784@example.com,47,Chicago
785,Daniel,Jones,daniel.jones785@example.com,44,Philadelphia
786,Jessica,Rodriguez,jessica.rodriguez786@sample.com,42,San Diego
787,Michael,Anderson,michael.anderson787@demo.net,37,Seattle
788,Jennifer,Gonzalez,jennifer.gonzalez788@sample.com,65,Dallas
789,Jennifer,White,jennifer.white789@sample.com,79,San Diego
790,Charles,Lewis,charles.lewis790@example.com,51,Phoenix
791,Michael,Sanchez,michael.sanchez791@example.com,19,Los Angeles
792,Nancy,Thompson,nancy.thompson792@test.org,33,Fort Worth
793,Matthew,Miller,matthew.miller793@sample.com,64,New York
794,Christopher,Hernandez,christopher.hernandez794@demo.net,62,Jacksonville
795,Thomas,Moore,thomas.moore795@demo.net,37,Chicago
796,David,Harris,david.harris796@demo.net,75,Los Angeles
797,Lisa,Thompson,lisa.thompson797@example.com,59,Chicago
798,Elizabeth,Jackson,elizabeth.jackson798@example.com,37,Philadelphia
799,Robert,Williams,robert.williams799@example.com,54,Phoenix
800,Linda,Jackson,linda.jackson800@demo.net,55,Washington
801,Matthew,Lopez,matthew.lopez801@example.com,61,Chicago
802,James,Johnson,james.johnson802@example.com,79,Fort Worth
803,Jessica,Brown,jessica.brown803@example.com,58,Washington
804,William,Rodriguez,william.rodriguez804@demo.net,23,Charlotte
805,Thomas,Perez,thomas.perez805@sample.com,68,New York
806,Robert,Harris,robert.harris806@demo.net,36,San Antonio
807,William,Davis,william.davis807@sample.com,31,Jacksonville
808,Anthony,Jones,anthony.jones808@test.org,62,Seattle
809,Mary,Brown,mary.brown809@sample.com,44,Dallas
810,Barbara,Thompson,barbara.thompson810@sample.com,80,Denver
811,Michael,Anderson,michael.anderson811@test.org,34,Los Angeles
812,John,Clark,john.clark812@demo.net,21,Jacksonville
813,Barbara,Rodriguez,barbara.rodriguez813@test.org,56,Fort Worth
814,Anthony,Williams,anthony.williams814@demo.net,72,Indianapolis
815,Elizabeth,Lee,elizabeth.lee815@example.com,58,San Jose
816,Mary,Ramirez,mary.ramirez816@sample.com,30,Jacksonville
817,Joseph,Thompson,joseph.thompson817@sample.com,51,Fort Worth
818,Susan,Clark,susan.clark818@sample.com,49,New York
819,Sarah,Thomas,sarah.thomas819@example.com,25,San Antonio
820,Sandra,Rodriguez,sandra.rodriguez820@demo.net,62,Los Angeles
821,Nancy,Smith,nancy.smith821@test.org,37,Charlotte
822,Robert,Clark,robert.clark822@sample.com,25,Chicago
823,Sarah,Jones,sarah.jones823@demo.net,59,Washington
824,Elizabeth,Jackson,elizabeth.jackson824@example.com,51,New York
825,Nancy,Hernandez,nancy.hernandez825@test.org,55,Philadelphia
826,Robert,Smith,robert.smith826@example.com,49,Houston
827,Mark,White,mark.white827@test.org,45,Jacksonville
828,Christopher,Sanchez,christopher.sanchez828@sample.com,27,Washington
829,Joseph,Miller,joseph.miller829@demo.net,38,New York
830,Joseph,Clark,joseph.clark830@example.com,28,San Antonio
831,Mark,Thompson,mark.thompson831@demo.net,18,San Francisco
832,Jessica,Taylor,jessica.taylor832@demo.net,72,Phoenix
833,David,Anderson,david.anderson833@test.org,26,Denver
834,Joseph,Thompson,joseph.thompson834@sample.com,62,Fort Worth
835,James,Thompson,james.thompson835@example.com,59,San Antonio
836,Joseph,Anderson,joseph.anderson836@example.com,45,Jacksonville
837,Sarah,Smith,sarah.smith837@example.com,29,Chicago
838,Anthony,Hernandez,anthony.hernandez838@demo.net,43,Phoenix
839,Matthew,Jones,matthew.jones839@demo.net,44,Columbus
840,John,Hernandez,john.hernandez840@sample.com,56,Fort Worth
841,Jessica,Thompson,jessica.thompson841@example.com,36,Chicago
842,Charles,Anderson,charles.anderson842@demo.net,41,Columbus
843,Margaret,Wilson,margaret.wilson843@sample.com,80,Austin
844,Anthony,Martinez,anthony.martinez844@test.org,50,San Francisco
845,Patricia,Lewis,patricia.lewis845@example.com,20,Chicago
846,Matthew,Harris,matthew.harris846@example.com,65,San Diego
847,Elizabeth,Clark,elizabeth.clark847@sample.com,67,New York
848,Nancy,Sanchez,nancy.sanchez848@test.org,45,San Jose
849,Patricia,Lewis,patricia.lewis849@test.org,64,Columbus
850,Christopher,Miller,christopher.miller850@demo.net,59,Columbus
851,Elizabeth,Wilson,elizabeth.wilson851@sample.com,50,Houston
852,Matthew,Wilson,matthew.wilson852@example.com,19,San Antonio
853,Lisa,Thompson,lisa.thompson853@sample.com,55,San Antonio
854,Sarah,Clark,sarah.clark854@test.org,18,Dallas
855,Joseph,Martin,joseph.martin855@sample.com,30,Seattle
856,Mary,Davis,mary.davis856@sample.com,78,Houston
857,William,Thomas,william.thomas857@example.com,19,San Antonio
858,Joseph,Johnson,joseph.johnson858@demo.net,22,Phoenix
859,Margaret,Clark,margaret.clark859@test.org,50,Chicago
860,Susan,Thomas,susan.thomas860@example.com,23,San Francisco
861,Jennifer,Taylor,jennifer.taylor861@sample.com,30,San Antonio
862,Nancy,Gonzalez,nancy.gonzalez862@test.org,59,Philadelphia
863,Patricia,Jones,patricia.jones863@test.org,69,Seattle
864,Christopher,White,christopher.white864@demo.net,43,Austin
865,Margaret,Martin,margaret.martin865@demo.net,32,Philadelphia
866,Anthony,Sanchez,anthony.sanchez866@sample.com,76,Seattle
867,John,Thompson,john.thompson867@example.com,33,Columbus
868,Mary,Thompson,mary.thompson868@sample.com,62,Charlotte
869,Charles,Lopez,charles.lopez869@example.com,69,Indianapolis
870,Linda,Davis,linda.davis870@example.com,21,Dallas
871,Mary,Lee,mary.lee871@demo.net,72,Houston
872,Mary,Martin,mary.martin872@example.com,32,Dallas
873,Jessica,Ramirez,jessica.ramirez873@test.org,57,Indianapolis
874,Margaret,Perez,margaret.perez874@sample.com,48,Philadelphia
875,Sarah,Taylor,sarah.taylor875@example.com,64,Jacksonville
876,Sarah,Smith,sarah.smith876@example.com,49,Denver
877,Sandra,Lee,sandra.lee877@sample.com,35,Charlotte
878,Richard,White,richard.white878@demo.net,41,San Francisco
879,Daniel,Rodriguez,daniel.rodriguez879@test.org,49,Phoenix
880,Karen,Robinson,karen.robinson880@test.org,80,San Francisco
881,John,Brown,john.brown881@test.org,21,Seattle
882,Elizabeth,Clark,elizabeth.clark882@sample.com,30,Philadelphia
883,James,Lopez,james.lopez883@example.com,39,San Antonio
884,James,Taylor,james.taylor884@example.com,37,Austin
885,Sandra,Lee,sandra.lee885@sample.com,77,Austin
886,Betty,Martinez,betty.martinez886@sample.com,23,Seattle
887,Robert,Miller,robert.miller887@sample.com,22,Denver
888,Christopher,Jackson,christopher.jackson888@test.org,25,Phoenix
889,John,Harris,john.harris889@sample.com,78,Phoenix
890,John,Williams,john.williams890@example.com,21,Fort Worth
891,Jessica,Hernandez,jessica.hernandez891@example.com,68,Dallas
892,James,Smith,james.smith892@example.com,29,Dallas
893,Barbara,Taylor,barbara.taylor893@demo.net,26,San Antonio
894,Karen,Martin,karen.martin894@test.org,38,Phoenix
895,Karen,Harris,karen.harris895@test.org,79,San Antonio
896,Sarah,Hernandez,sarah.hernandez896@example.com,67,Fort Worth
897,Betty,Ramirez,betty.ramirez897@test.org,64,Seattle
898,Christopher,White,christopher.white898@example.com,38,Indianapolis
899,Thomas,Harris,thomas.harris899@example.com,35,San Antonio
900,James,Smith,james.smith900@sample.com,63,Austin
901,Betty,Clark,betty.clark901@example.com,64,Austin
902,Charles,Ramirez,charles.ramirez902@demo.net,31,Austin
903,Matthew,Brown,matthew.brown903@demo.net,54,Denver
904,Robert,Moore,robert.moore904@example.com,61,Fort Worth
905,John,Jones,john.jones905@example.com,78,Phoenix
906,Barbara,Ramirez,barbara.ramirez906@demo.net,35,Philadelphia
907,John,Martin,john.martin907@demo.net,74,Fort Worth
908,Margaret,Perez,margaret.perez908@test.org,65,Washington
909,Patricia,Perez,patricia.perez909@test.org,21,Indianapolis
910,Sandra,Thompson,sandra.thompson910@example.com,80,Chicago
911,Susan,Wilson,susan.wilson911@demo.net,69,Seattle
912,Richard,Gonzalez,richard.gonzalez912@example.com,52,Austin
913,William,Johnson,william.johnson913@example.com,54,San Jose
914,Patricia,Anderson,patricia.anderson914@example.com,29,Houston
915,David,Lee,david.lee915@example.com,42,Jacksonville
916,Betty,Miller,betty.miller916@sample.com,29,Philadelphia
917,Betty,Robinson,betty.robinson917@test.org,61,Charlotte
918,Joseph,Robinson,joseph.robinson918@test.org,41,Philadelphia
919,Margaret,Clark,margaret.clark919@sample.com,44,Jacksonville
920,John,Garcia,john.garcia920@sample.com,20,Columbus
921,Sarah,Brown,sarah.brown921@demo.net,78,Fort Worth
922,William,Robinson,william.robinson922@test.org,79,Chicago
923,Susan,Moore,susan.moore923@example.com,52,Austin
924,William,Martinez,william.martinez924@example.com,55,San Diego
925,James,Clark,james.clark925@sample.com,78,Seattle
926,Sarah,Smith,sarah.smith926@test.org,62,San Francisco
927,David,Miller,david.miller927@sample.com,34,Dallas
928,James,Robinson,james.robinson928@sample.com,77,Columbus
929,Michael,Anderson,michael.anderson929@sample.com,58,Philadelphia
930,Elizabeth,Moore,elizabeth.moore930@demo.net,62,Chicago
931,Linda,Rodriguez,linda.rodriguez931@demo.net,64,Chicago
932,Betty,Johnson,betty.johnson932@test.org,42,San Francisco
933,Patricia,Gonzalez,patricia.gonzalez933@demo.net,71,Charlotte
934,Sandra,Clark,sandra.clark934@example.com,40,Phoenix
935,Michael,Moore,michael.moore935@test.org,23,Philadelphia
936,Jessica,Martinez,jessica.martinez936@demo.net,70,Houston
937,Matthew,Thompson,matthew.thompson937@sample.com,49,Chicago
938,Karen,Wilson,karen.wilson938@example.com,18,Seattle
939,Michael,Thomas,michael.thomas939@test.org,54,San Diego
940,Margaret,Lewis,margaret.lewis940@demo.net,65,Washington
941,Sarah,Anderson,sarah.anderson941@example.com,68,Charlotte
942,Charles,Rodriguez,charles.rodriguez942@example.com,39,Denver
943,Jennifer,Perez,jennifer.perez943@sample.com,79,Austin
944,Anthony,Johnson,anthony.johnson944@demo.net,65,Dallas
945,John,White,john.white945@demo.net,66,Denver
946,Elizabeth,Jones,elizabeth.jones946@demo.net,70,Columbus
947,Charles,Wilson,charles.wilson947@test.org,63,Fort Worth
948,Margaret,Martinez,margaret.martinez948@test.org,50,San Diego
949,Joseph,Taylor,joseph.taylor949@demo.net,50,Columbus
950,Karen,White,karen.white950@example.com,74,Charlotte
951,Christopher,Sanchez,christopher.sanchez951@demo.net,45,San Francisco
952,William,Davis,william.davis952@example.com,35,Austin
953,Patricia,Moore,patricia.moore953@demo.net,70,Philadelphia
954,Michael,Anderson,michael.anderson954@example.com,54,Austin
955,Christopher,Taylor,christopher.taylor955@sample.com,52,Denver
956,Sandra,Lopez,sandra.lopez956@test.org,47,Austin
957,Thomas,Sanchez,thomas.sanchez957@demo.net,28,New York
958,Mark,Jackson,mark.jackson958@example.com,45,San Jose
959,Elizabeth,Lee,elizabeth.lee959@test.org,69,San Jose
960,Patricia,Smith,patricia.smith960@demo.net,27,Columbus
961,Christopher,Taylor,christopher.taylor961@demo.net,37,Columbus
962,William,Robinson,william.robinson962@example.com,53,San Francisco
963,David,Gonzalez,david.gonzalez963@demo.net,21,Washington
964,Nancy,Smith,nancy.smith964@demo.net,55,Austin
965,Lisa,Harris,lisa.harris965@sample.com,22,Austin
966,Jessica,Gonzalez,jessica.gonzalez966@example.com,71,Fort Worth
967,Margaret,Gonzalez,margaret.gonzalez967@test.org,63,Houston
968,Margaret,Rodriguez,margaret.rodriguez968@test.org,50,Washington
969,William,Williams,william.williams969@sample.com,22,Jacksonville
970,Linda,Miller,linda.miller970@demo.net,47,San Francisco
971,James,Davis,james.davis971@sample.com,46,Charlotte
972,Mark,Johnson,mark.johnson972@demo.net,47,Austin
973,Matthew,Smith,matthew.smith973@sample.com,41,Indianapolis
974,Barbara,Gonzalez,barbara.gonzalez974@sample.com,19,Columbus
975,David,Thomas,david.thomas975@test.org,64,Philadelphia
976,Christopher,Harris,christopher.harris976@test.org,26,San Antonio
977,Susan,Sanchez,susan.sanchez977@sample.com,30,Houston
978,John,Jackson,john.jackson978@test.org,46,Denver
979,Susan,Taylor,susan.taylor979@test.org,76,Columbus
980,Richard,Gonzalez,richard.gonzalez980@sample.com,42,Washington
981,Michael,Robinson,michael.robinson981@demo.net,48,New York
982,Charles,Rodriguez,charles.rodriguez982@sample.com,66,Fort Worth
983,William,Ramirez,william.ramirez983@example.com,40,Seattle
984,Anthony,Hernandez,anthony.hernandez984@demo.net,72,Austin
985,Nancy,Brown,nancy.brown985@test.org,40,San Francisco
986,Daniel,Wilson,daniel.wilson986@example.com,70,San Jose
987,James,White,james.white987@sample.com,68,Charlotte
988,James,Davis,james.davis988@demo.net,68,Chicago
989,David,Smith,david.smith989@example.com,63,Jacksonville
990,Christopher,Miller,christopher.miller990@test.org,32,San Francisco
991,Karen,Thomas,karen.thomas991@sample.com,51,San Francisco
992,Thomas,Martinez,thomas.martinez992@sample.com,74,Fort Worth
993,Patricia,Williams,patricia.williams993@example.com,32,Seattle
994,David,Harris,david.harris994@sample.com,66,San Jose
995,Linda,Smith,linda.smith995@example.com,31,Houston
996,Robert,Garcia,robert.garcia996@test.org,51,Jacksonville
997,Robert,Wilson,robert.wilson997@example.com,36,Los Angeles
998,William,Martinez,william.martinez998@test.org,33,Jacksonville
999,David,Martinez,david.martinez999@sample.com,80,Seattle
1000,Matthew,Moore,matthew.moore1000@test.org,43,Indianapolis
